N° Ola,SKU,Cantidad Solicitada,Cantidad Disponible,Descripción 
1,ARQV76627,1,1,Jogo Chave Torx Torque Cromo Vanádio Média 9 Peças Suporte
1,AUGJ83919,5,5,Moldes De Resina De Silicona Del Alfabeto Para Hacer Llavero
1,AVOX26601,1,1,Tênis Feminino Casual Plataforma Tratorada Moleca
1,AXTL38301,16,9,Tenis Converse Niños Negro 7j231c
1,AYLY23647,8,8,Shorts Reebok Hombre Gráficos Workout Ready
1,AZVM98916,11,8,Linha B3 Interruptor Simples Branco 10a 250v
1,BAQR80226,1,1,Calza Topper Mujer Cuts Ii Negro
1,BBCP81959,1,1,Repetidor Wifi Amplicifador 1200mbps Dual Band 802.11ac
1,BGHU66019,4,2,Cubierta Sombrillas Jardin Funda Protector Exterior Parasol
1,BHWJ97711,19,14,Vertical Mouse 2.4g Inalámbrico Ergonómico Zurdo Pila Seca
1,BMXD58292,1,1,Pantalón Corto Deportivo Moderno Para Correr Para Hombre
1,BNBE83011,1,1,Crema De Cacahuate Natural Crunchy 480g.
1,BPQI10438,1,1,Interruptor De Luces Moes Inteligente E Inalámbrico Con Wifi
1,BQTS47019,1,1,Tamanco Feminino Salto Bloco E Tiras Oneself - Colcci
1,BQTS98963,3,1,Auriculares Inalámbricos F9 Tws Para Bluetooth 5.0
1,BWQF65537,2,1,Laptop Chuwi Gemibookpro Intel N5100 8+256 Ssd Win10 Backlit
1,BZLX74485,1,1,Funda Carcasas iPad Mini 4 Mini 5 Smart Cover Detuosi.
1,CCVY20433,1,1,Reloj Pulsera Deportivo Impermeable Diseño Rin De Neumático
1,CIKE39354,7,4,Calça Jeans Clouchard Cinto Azul All Is Love 000329205006 46
1,CISH87319,2,1,Bermuda Casual Com Bolsos Iron Caramelo Reserva
1,CIZG10251,1,1,Termos Digitales De Acero Inoxidable 480 Ml (frío Y Calor)
1,CIZG74437,4,2,Mascarilla Oro Colageno Revitalizante Antiedad La Mejor
1,CUTD36862,63,31,Botas Aeropostale Hombre Felix
1,CUTK61238,11,11,Audífonos Gamer K20 Negro Rgb Led Con Micrófono
1,CUTK99946,1,1,Pantalla Táctil Compatible Con Samsung A20 Incell A205
1,CVIO35130,7,5,Akaso B70 Cámara De Seguridad Wifi 1080p Impermeable Alexa
1,DCJF83339,1,1,Ceular Samsung Galaxy A22 4 Ram 64gb Verde
1,DDMN46789,3,3,Jarro Para Espumar Leche Y Herramienta De Decoración De Café
1,DEHW27355,7,5,Zapatillas Plutón Negras
1,DEKA78619,38,28,Calça Alfaiatada Masculina Skinny Reserva Khaki
1,DLTY80550,1,1,Cogumelo Champignon Em Conserva Inteiro Qualitá Vidro 200g
1,DPPL23513,8,8,Tapa Trasera Huawei Y9 Prime 2019 Cristal Nueva Azul
1,EFIO92513,9,7,Audífonos Inalámbricos Tws A7s Bluetooth Con Manos Libres
1,EJRL82542,1,1,Pantalones Cortos De Natación De Secado Rápidopara Hombres
1,EJTI81182,1,1,Funda Tablet Lenovo Tab E7 Tb-7104f Cover Estuche Detuosi
1,ELMC10163,1,1,Artrin - Condroprotetor Para Cães Com Artrite 30 Comprimidos
1,EMNC50754,1,1,Tenis Converse Unisex Rojo M9621c
1,ENNW89204,1,1,Zapatillas Moscu Gris
1,EPJU11299,2,1,Conjunto Selfie T-shirt Teen Cativa Mescla C90616
1,ERIM67791,6,4,Suporte De Celular E Gps Carro Trava Automatica Anti Queda
1,EXQA90324,7,2,Vehículos A Control Remoto 4wd 2.4ghz Regalo Juguete P Niños
1,EXQA97782,2,2,Silicona Grande Culo 3d Sexo Muñeca Artificial Vagina Real P
1,FCYY54336,12,12,Salopete Teen Menina Matelassê Elos Metalcos Gloss Preto
1,FCYY93207,5,2,Rfid Bloqueo Cartera Hombre Piel Genuina Billetera Corta
1,FOXR84946,7,3,Lâmpada Led Anel Flash Selfie Luz P/ Celular Notbook
1,FPSB24688,4,2,Tenis Mujer New Balance Wl574
1,FSNB27514,2,1,Kit 2 Pares Tênis Sapatênis Feminino Casual Alpargata R151
1,FTPY29202,3,3,Vestido Largo Estampado Casual De Manga Corta Para Fiesta
1,FXEK29362,2,2,Kit De Faros Focos Led C6 H4 Hb2 9003 Alta Baja 8000lm 6000k
1,FZUQ13556,2,2,Sapatilha Feminina Recorte Têxtil Via Uno New Nude 451004sv
1,GASE08749,2,1,Apple iPhone 12 Pro Max (128 Gb) - Plata
1,GBGN36940,32,26,Tommy Hilfiger Tenis Para Hombre Color Blanco Thm0316
1,GBGN62663,1,1,Samsung Galaxy S20 Fe 128gb 6ram Pan. Infinity-o Lavanda Msi
1,GCOI49367,1,1,Transmisor Fm Bluetooth Mp3 Cargador Manos Libres P/ Coche
1,GDCD85457,1,1,Moto One Fusion Pantalla Lcd Pantalla Táctil Xt2073 Negro
1,GDCD85461,1,1,7 Colores Led Giratorio Eléctrico Soporte De La Base De La P
1,GFKL92014,1,1,Chave Mini Torx T8 Com Furo Ps3 Ps4 Controle Xbox 360 One
1,GHFV27412,1,1,Fralda Huggies Tripla Proteção G 28 Unidades
1,GNRT50139,17,4,Leche Condensada La Lechera Nestle Lata De 387 Gr
1,GTXC56412,1,1,Tênis Masculino Casual Couro Valentim Café Reserva
1,GXBW19369,16,4,Ropa Bebe Body Un Pajarito Me Dijo Que Van A Ser Abuelos
1,GXBW45270,5,3,Ultra Led Jr8 R8 4.000 Lm 6000k H1 H3 H4 H7 H11 Hb4 Hb3 H8
1,GXHY81256,9,8,Tapete De Yoga / Pilates - Pvc - 5mm - Várias Cores
1,GYIH83581,5,3,Kit 46 Ferramentas Estepe Macaco Jacarézinho 2 Toneladas
1,HIBZ81680,1,1,Muñeca Recién Nacida De Silicona 55 Cm Npk Reborn Baby Doll
1,HLYQ06001,3,2,Óleo Capilar Ogx Argan Oil Of Morocco Penetrating Oil 100ml
1,HNFN88246,3,2,Kit 2 Calças Jeans Masculina Local 10520
1,IDXO13951,2,2,Amolecedor Cravos Emoliente Belvittà 300ml C/ Extrator Duplo
1,IKDC80940,1,1,Mascara Solda Escurecimento Automático New Design Titanium
1,IQOI26519,1,1,Jogo Banco Imobiliário Júnior - Estrela
1,ITDN20841,25,15,Taladro Rotomartillo Teeno 5816-25 De 21vc/2batería De 1.5ah
1,ITSG25061,8,3,Vibrador De Gel Suave Flexible Vibración Intensa Gk10069
1,IUXZ83478,1,1,Rompecabezas Novelty Minions En Bolsa
1,IVOT59058,2,2,Mochila Hidratação Ciclismo Impermeável Com Refil 2l
1,IYUQ14198,3,3,Reloj Pared 3d Blanco De Aluminio De Cuarzo Moderno Grande.
1,JAOF75979,1,1,Shorts Pepe Jeans Pm800742-0 Hombre
1,JAOF82416,1,1,Sapatilha Via Uno Preta Feminina 134883
1,JBQS66570,19,8,Pantalones Militares Tipo Cargo Con Bolsillos Para Hombre
1,JGTO34697,5,3,Pantalón American Eagle Hombre Medium Clean Wash Skinny Fit
1,JHQW21007,2,1,Bolsa De Almuerzo Gran Capacidad Portátil Luncheras Escolare
1,JJXB29680,14,12,Liquidificador Turbo Inox 3 L 1200w 12 Vel L-1200 Ri Mondial
1,JLFV80359,19,19,Ração Whiskas Para Gatos Sabor Peixe Lata 290g
1,JOGC47464,1,1,Sandália Salto Vizzano Preto 01 6428-101728615745
1,JSJG11528,3,2,Luces Traseras Inteligente Detección De Freno Para Biciclet
1,JSJG97193,3,3,Ducha Higiênica Luxo Metal Cromado Acionamento 1/4 De Volta
1,JXOO18870,1,1,Chopp De Vinho Red Draft Campo Largo 500 Ml
1,KAGG64187,1,1,Boné 940 Bordado New York Yankees New Era C002 Preto
1,KAWH25026,3,2,Tênis Feminino Casual Básico Slip On Preto Colcci
1,KLVK26923,5,3,Calça Feminina Jogging Básica Malwee
1,KMCE24494,1,1,Funda Supcase Para iPad Pro De 12.9 Pulgadas (2021/2020)
1,KNCQ70236,8,6,Campera Topper Br Puffer Mujer Negro
1,KVNV05664,7,1,Sapatilha Texturizada Com Laço Preta Moleca
1,KVNV80647,1,1,Par Lanternas Traseiras Palio G2 01 02 03 Fire 01 02 03 Fumê
1,KVNV94449,6,6,Apple iPad Mini (6ª Generación) Wi-fi 64 Gb - Gris Espacial
1,LKUA06560,1,1,Cabo P10 Stereo X P10 Stereo 1 Metros - Balanceado - Niquel
1,LQTM14599,1,1,Tequila Hacienda De Tepa Reposado 1750 Ml
1,MDGF81315,2,2,Funda Para Rudo Lenovo Tab M10 Tb-x505f X605 Protector Azul
1,MDRZ21568,15,6,Huion-tabletas Gráficas De Dibujo Digital Hs64 De 6x4
1,MIIY83864,3,2,Conjunto De Camisas De Manga Corta Estampado Hawaiano
1,MNSV78070,17,16,Filtro Purificador De Agua De Grifo De Repuesto
1,MTWT24537,2,2,"Cámara Web Hd Usb 2.0 De 1080p Con Micrófono, Clip"
1,MTZH52873,4,3,"Lámpara Led De Lectura Para Escritorio, Recargable Usb"
1,MZLX63514,1,1,Oficina Doble Cara Alfombrilla Para Ratón Cara Metálico Alum
1,MZWD62713,4,1,Tênis Feminino Cano Curto Branco / Rosa Vizzano
1,NOYA77633,1,1,Walkie-talkies Con Manos Libres Radio Manos Libres
1,NVBC82655,2,2,Zapatilla Urbana Reebok Royal Glide Reebok Mujer
1,OCPL33018,4,2,Fórmula Infantil Nan Comfor 2 800g
1,OICO11210,1,1,Liguero Con Tanga Y Medias De Encaje Sexy
1,OJQX83715,1,1,Cabo Otg V3 Adaptador Mini Usb Host Tablet Celular Pendrive
1,OSCW96771,17,5,Purificador De Água Ibbl Fr600 Speciale Preto 110v
1,OWKU22909,3,1,Funda C/mica P/iPhone 12 / iPhone 12 Pro 6.1 I-blason Cosmo
1,PAGD80453,1,1,Hd 1080p Wifi Mini Cámara Nocturna Versión Control Remoto
1,PAGD90266,1,1,Pelicula Vidro iPad Air 4 2020 iPad Pro 11 2018 /2020 10.9''
1,PBIR78867,2,1,Sandalia Mule Vizzano - Preta Vz-6262-482- 18524 -15745
1,PBIR98680,3,2,Reloj Inteligente 1.54 Pulgadas Con Función De Llamada
1,PHTB05923,2,1,Chinelo Feminino Estampa Logo Verde Spoiler Colcci
1,PKNN21339,2,1,Nivel Láser Cruzado Profesional 4d 360° 16 Líneas Blu-ray
1,PNJG53019,4,4,Lixeira Inox 5 Litros Balde Removível
1,PNZZ17419,8,6,Calça Jeans Cintura Alta Lança Perfume
1,PQCQ10813,1,1,Sistema De Alarma Antirrobo Con Control Remoto 12v
1,PSOC19714,23,6,Pantalla Display Lcd Touch Para Zte Z Max Z982 Negro +regalo
1,PYVQ21961,1,1,"Caneta Teste D Voltagem Digital ,ms, Polaridade Kitest-ka076"
1,QACI11206,1,1,Chaleco Faja Estilo Sauna Para Perder Peso Al Entrenar
1,QCVU26854,2,2,Samsung Galaxy A02
1,QFPN84157,1,1,Papel De Parede Azulejo Areia Cozinha Lavável 3mx58cm - 1512
1,QJYF21373,15,15,Sapatilha Moleca Matelassê Laço Bege 5094-1376-17387 29452
1,QNIF31913,1,1,Cera Liquida Brilho Fácil Ardosia 750 Ml
1,QTLM62283,5,5,Protetor Solar Dermo Defense Fps50. Toque Seco 50g.
1,QXZV82307,1,1,Gel Antibacterial 70% Alcohol Ninu 500 Ml Botellita
1,RJHY50211,49,15,Couscous Italiano Paganini Cuzcuz Importado Caixa 500g
1,RMNV94145,6,3,Camiseta Térmica Matis Manga Curta Penalty Preto -3040749000
1,RTSV21216,1,1,Kit 3 Limpa Telha Profissional - 5 Litros - Limpeza A Seco
1,RWBD49834,29,12,Cámara Webcam Usb 1080p Con Micrófono Y Enfoque Automático
1,RWBD79770,2,1,Sandália De Salto Pedrarias Dakota Riveira Preta Z7491
1,SMBG05232,1,1,Kit 10 Cuecas Boxer Polo Voker Plus Size Microfibra
1,SNLG80509,1,1,Adaptador Usb A Hdmi Video Mirror Para Windows De Pc A Tv.
1,SNLG88589,2,1,Rc Stunt Coche Doble Cara Giro 360 Regalos Para Niños
1,SPDZ14743,1,1,Tenis Under Armour Mujer Surge 2
1,SPIR22351,1,1,Funda Para Galaxy S20 Ultra Anti-rasguño De Alta Calidad
1,SPIR66570,1,1,Pisca Rede De Led 160 Led 8 Funções Colorido 110/220v
1,SPIR82934,1,1,Alimento Úmido Friskies Sachê 85g Carne Ao Molho Purina
1,TBBF79076,25,21,Globo Latex Salchicha Cromado Metalizado 100 Pieza
1,TBXI79872,2,1,Brasieres Comfort Bra Deportivo Push Up Con Crossover Straps
1,TFML77755,10,4,Limpiador Líquido Bref Desinfectante Aroma Fresco 1 Lt
1,TLPW83478,2,1,Reloj Inteligente Fitbit Sense
1,TPGS81944,2,1,Muñeca De Bebé Renacido De Silicona 46 Cm Con Accesorios
1,TPIO09388,2,1,Soporte Magnetico Base Celular Auto Carro Cor Negro
1,TPRQ75967,2,1,Camisa Ciclista Masculina Senna Dry Fit Proteção Uv 50 +
1,TPSC38204,3,2,Car Dvr Dashcam De 4 Pulgadas Lente De 3 V¿as Fhd 1080p
1,TPSC56301,7,4,2000w 220v Convertidor De Energía Solar Para Coche
1,TQZZ92938,1,1,112 Etiqueta Lacre Garantia Casca De Ovo Destrutível 3 X 1cm
1,TRZC83167,3,1,Báscula Digital Lcd Precisión Cocina 1 Gramo A 10kg
1,TSSU27788,14,9,Bota Cuero Abaja Heyas Holy Negra
1,TSSU50187,2,1,Pistola Masajeadora De Músculos 30 Velocidades Pantalla Lcd
1,TSWV20697,1,1,Tripie Aluminio Grande Celular Android iPhone Cámara
1,TZZV87716,1,1,Teclado Musical Para Iniciantes Queens 61 Teclas 10 Musicas
1,UCDR82588,2,1,Bolsa Envelope Básica Feminina Colcci
1,UCDR92022,5,1,Switch Poe Hikvision Ds-3e1310p-e 10 Portas Full
1,UDIP70522,11,7,Suporte De Parede Para Alexa Echo Dot 3 Geração + Parafuso
1,UFOP74693,2,1,Papel Acoplado Hamburguer Burguer Lanche Frios 400 Unds
1,UFOP93194,3,2,Building Blocks Titanic Shipboat Modelo 3d Juguetes Educativ
1,UJHN50777,13,13,Carro De Juguete Pata Pata - 2 En 1 Didáctico - Rondi
1,UJVG29287,1,1,Femini Whey 900g + Creatina 150g + Coqueteleira Brinde - Max
1,UKLF19232,1,1,Refletor Led 100w - Holofote Branco Frio Bivolt Prova Dagua
1,UKLF79961,1,1,Tenis Under Aromour Mujer Charged Breathe
1,ULEA28436,2,1,Película Hprime Samsung Galaxy A20 - Vidro Temperado
1,ULNN21409,22,12,Limpador De Superficies Alecrim Sanol 120ml
1,VDQE80392,1,1,Tv Box Estándar 4k 16gb Negro Con Memoria Ram 2gb
1,VHEP00200,2,1,Pimenta Cumari Verde Em Conserva 300g
1,VUYV96168,16,6,Tenis Steve Madden Hombre Threat (talla 26)
1,VUZF84709,1,1,Cámara Digital Video Niño Niña 32gb Tarjeta Dual Lente 1080p
1,WCNJ34678,23,23,Anillo Luminoso Ecg Anillo De Pareja Joyería Regalo Boda
1,WFBT22211,1,1,198 Led Luces De Fuegos Artificiales Luz De Hadas Decoración
1,WIZH78015,67,45,Kit Feminino 3 Regatas Alças Correntes Aishty 8714
1,WRKZ20008,1,1,Funda Teléfono Para Huawei + Vidrio Templado Mica + Cuerda
1,WTYP06587,4,1,Dragon Touch Y88x Pro 7 Pulgadas Tabletas Para Niños 2+16gb
1,WZMP79935,1,1,Webcam Full Hd 1080p Usb Câmera Stream Live Alta Resolução
1,XLQY83394,1,1,"Mala De Viagem Dobrável - Espaçosa, Leve E Resistente 24,5lt"
1,XLSP93474,4,1,Zapatilla adidas Tensaur Running Unisex Negro
1,XNXK30043,41,32,Jacket Pu Recto Por Encima De La Cadera Whitney Portsaid
1,XNXK86487,10,7,Pantalones De Chándal Ajustados Mujer Yoga Pantalones
1,XUMC20802,1,1,"Notebook Samsung Chromebook Celeron N4000 4gb 64gb 11,6''"
1,XWBH24062,1,1,Professional Nail Drill Polish Machine 35000rpm Gray
1,YAHN51905,6,4,Adaptador Transmissor Áudio Bluetooth Usb Saída P2
1,YRZW08754,1,1,Cubrebocas Kf94 Mascarilla Corea Original Certificado Fda Ce
1,YRZW36739,6,3,Sopa De Fideo 2 La Morena Tio
1,YTFZ50282,1,1,12 V Led 5 Metro Impermeable Tira De Neón Luz Decorativa
1,YTFZ74629,1,1,Camisa Pepe Jeans Pm305823 -561 Hombre
1,YWET86027,6,5,Brasier Push Up Color Moda Cómodo Sujetador Sin Varillas
1,YXIW12987,4,3,Pantalones Cortos De Carga Al Aire Libre Ligero Multi Bolsil
1,ZBMZ89262,33,8,Cabo Adaptador Energia Sata X 6 Pinos Placa De Vídeo Molex
1,ZGRU19638,13,3,Chinelo Feminino Listrado Branco Off - White E Areia Colcci
1,ZHLH00011,3,3,Tenis adidas Hombre Lite Racer Adapt 3
1,ZSIA10504,5,5,Selim De Bicicleta Gel Confortável Mtb Speed Tsw Rava
1,ZTBD62525,9,5,Pantalones American Eagle Mujer Hi-rise Jegging Crop
1,ZTJF71843,1,1,Playera Deportiva Traje De Sauna Fajas Ropa Gym Hombre
1,ZXRQ50346,2,2,Quadro 120x60preto Branca Da Arvore C5 Peças Pra Sala
1,BCLD52342,3,3,"Pantaloneta, Short Largo Medio De Gym, Casual De Hombre"
1,CIKE24036,1,1,Juego De Bolsos Para Mujer Cartera Cosmetiquera 4 Piezas Set
1,CISH69226,1,1,Chinelo Estampado Anacapri - Rosa C0029700100003
1,CVIO74311,3,3,Volume Control Cable Cord For Logitech Astro A10 A40 A30 A50
1,DUCB76160,4,4,Ferrero Rocher 16 Pzas
1,FKGJ54239,4,3,Capa P/ Cobrir Opala Coupe Forro Parcial 100% Impermeável
1,GHFV46552,2,1,Cortinas Serie Luces 300 Led Decorativas Usb 8 Modelo 3x3m
1,PYZD02164,1,1,Cortinas Serie Luces 300 Led Decorativas Usb 8 Modelo 3x3m
1,QIIE93457,2,2,Extrato Natural De Baunilha Bombay 30 Ml
1,REZI40212,2,2,Mocassim Masculino Búzios Eclipse Reserva
1,TKTR47349,1,1,Notebook Samsung Book Led 15'' Ci3-1115g4 4gb 1tb Fhd W10
1,VVOB70695,2,2,Cortinas Serie Luces 300 Led Decorativas Usb 8 Modelo 3x3m
1,ZWBX80756,1,1,Caixa De Som Portátil Bluetooth Com Microfone Tedge Bivolt
1,UCQM79432,1,1,Caixa De Som Tedge Tk-3612 Portátil Com Bluetooth
1,ZGQW00762,1,1,Sexy Completo Traje De Baño Mujer Bikini Transparencias
1,TPGS52238,1,1,Audífonos Tws Bluetooth 5.0 Táctiles Ipx7 Con Caja De Carga
1,DIAC86996,1,1,Mocassim Masculino Búzios Eclipse Reserva